null.deviance,df.null,logLik,AIC,BIC,deviance,df.residual,nobs
7882.05775043105,6214,-4311.57812186669,8627.15624373338,8640.62568574127,7870.453959888233,6213,6215
