nobs,sigma,logLik,AIC,BIC,REMLcrit,df.residual
2666,1.1724929170083187,-5633.793020033621,11575.586040067243,12482.389553180996,11267.586040067243,2512
