nobs,sigma,logLik,AIC,BIC,REMLcrit,df.residual
2666,1.1724929170106717,-5633.793020036084,11575.586040072169,12482.389553185922,11267.586040072169,2512
