nobs,sigma,logLik,AIC,BIC,REMLcrit,df.residual
1780,1.0763274437058965,-3535.9833590614007,7225.9667181228015,7648.263103655833,7071.9667181228015,1703
