nobs,sigma,logLik,AIC,BIC,REMLcrit,df.residual
1780,1.0763274437009904,-3535.9833590644057,7225.966718128811,7648.263103661843,7071.966718128811,1703
