nobs,sigma,logLik,AIC,BIC,REMLcrit,df.residual
2666,1.1725089454430155,-5634.0067360555495,11576.013472111099,12482.816985224852,11268.013472111099,2512
