nobs,sigma,logLik,AIC,BIC,REMLcrit,df.residual
2666,1.1725089454485151,-5634.006736055535,11576.01347211107,12482.816985224823,11268.01347211107,2512
