null.deviance,df.null,logLik,AIC,BIC,deviance,df.residual,nobs
9810.252982438793,8048,-5357.551618523062,10719.103237046123,10733.089843324311,9664.923721855026,8047,8049
