null.deviance,df.null,logLik,AIC,BIC,deviance,df.residual,nobs
9810.252982438793,8048,-5357.194300495854,10718.388600991708,10732.375207269895,9664.16652375935,8047,8049
