term,estimate,std.error,statistic,p.value
(Intercept),0.11226670847930992,0.04180741379121079,2.6853301435955323,0.007245819398375684
all_mot,0.24766932521639048,0.023389562976063285,10.588882121049185,3.355752858847712e-26
