pseudo.r.squared,df.null,logLik,AIC,BIC,df.residual,nobs
0.4258220995416755,18,7.537431981508547,-9.074863963017094,-6.087667142355121,17,20
