term,estimate,std.error,statistic,p.value
c,3.846236833708329,0.6445489735097617,5.967330632402407,9.624676903958278e-6
