nobs,sigma,logLik,AIC,BIC,REMLcrit,df.residual
2666,1.1725194856106005,-5633.902975372113,11575.805950744227,12482.60946385798,11267.805950744227,2512
