nobs,sigma,logLik,AIC,BIC,REMLcrit,df.residual
2666,1.1725194856172232,-5633.902975375326,11575.805950750651,12482.609463864404,11267.805950750651,2512
