nobs,sigma,logLik,AIC,BIC,REMLcrit,df.residual
2666,1.1725185027468958,-5633.852365944416,11575.704731888833,12482.508245002586,11267.704731888833,2512
