nobs,sigma,logLik,AIC,BIC,REMLcrit,df.residual
2666,1.172518502730686,-5633.8523659444645,11575.704731888929,12482.508245002682,11267.704731888929,2512
