nobs,sigma,logLik,AIC,BIC,REMLcrit,df.residual
2666,1.173233060829474,-5641.422476072298,11588.844952144596,12489.76013075761,11282.844952144596,2513
