nobs,sigma,logLik,AIC,BIC,REMLcrit,df.residual
1780,1.0763472166013388,-3536.172052300933,7226.344104601866,7648.640490134898,7072.344104601866,1703
