nobs,sigma,logLik,AIC,BIC,REMLcrit,df.residual
1780,1.0763472165978003,-3536.1720523065064,7226.344104613013,7648.640490146045,7072.344104613013,1703
