term,estimate,std.error,statistic,p.value
(Intercept),-4.951155198955329,0.8236576163586391,-6.011181224601806,8.76869229970052e-6
farm,0.8783210116695478,0.15171397040602483,5.78932190172691,1.408175581098331e-5
