term,estimate,std.error,statistic,p.value
(Intercept),0.5402636301640094,0.8477171392976866,0.6373159219260388,0.5342033889772697
mod_df$farm,-0.1660665319271146,0.15772536095647866,-1.0528841457077884,0.31022793256787495
