term,estimate,std.error,statistic,p.value
(Intercept),-1.8467327008012127,0.6376372984188722,-2.8962118517541144,0.011729522310368055
farm,0.2957160785018045,0.11863812631622812,2.4925889145752165,0.025833801645636038
