term,estimate,std.error,statistic,p.value
(Intercept),-2.300874726632855,0.6331094895413288,-3.634244573240844,0.0020506622375177086
farm,0.39099750152242047,0.12387895881149069,3.1562866307054604,0.00576462799251558
