term,estimate,std.error,statistic,p.value
(Intercept),-6.319433080942219,1.0535938228766673,-5.997978484429637,9.01785194730146e-6
farm,1.1198799855234678,0.19236819621044635,5.8215443487256335,1.3140607232579762e-5
