term,estimate,std.error,statistic,p.value
(Intercept),-4.859435904913559,0.9163447495054236,-5.303065148282161,4.058362023498117e-5
farm,0.7719554997359636,0.1513073168821359,5.101904624594559,6.335039220307971e-5
