term,estimate,std.error,statistic,p.value
(Intercept),-1.102547922875423,0.4818619143165559,-2.288099329118407,0.038202113943057246
farm,0.2086367302445085,0.08965472189193234,2.327113685054918,0.035475959190705855
