term,estimate,std.error,statistic,p.value
(Intercept),-6.171254036989667,1.0151912721731657,-6.078907695669204,7.597397350896752e-6
farm,1.0925593881182614,0.18535654784244188,5.8943662947745805,1.124410263968639e-5
