term,estimate,std.error,statistic,p.value
(Intercept),-1.4022629382863163,0.49974872501844925,-2.8059359996057,0.012152601749211775
farm,0.2667943098375622,0.09778458978320863,2.7283880868044053,0.0143008759347138
