term,estimate,std.error,statistic,p.value
(Intercept),-3.4729608959812053,0.6961070680536479,-4.989118851632677,8.14554124102614e-5
farm,0.6517040668720803,0.1283907363151105,5.07594305926089,6.711718167524915e-5
