term,estimate,std.error,statistic,p.value
(Intercept),-3.4800795085345166,0.6958911567791892,-5.000896296256238,7.934080498854107e-5
farm,0.6521471884706085,0.12817997219786764,5.087746371671138,6.537712163388732e-5
