term,estimate,std.error,statistic,p.value
(Intercept),-3.518019400387976,0.7100818918268865,-4.954385460157104,8.803185642663326e-5
farm,0.6608113080224518,0.13113698197090537,5.039091933418616,7.285954045488645e-5
