term,estimate,std.error,statistic,p.value
(Intercept),-4.904659073100201,0.8152391618937024,-6.016221131609121,8.675456182600666e-6
farm,0.8719363543415742,0.15055728713230435,5.791392571887589,1.4019246117827962e-5
