term,estimate,std.error,statistic,p.value
(Intercept),0.4971753411149328,0.814715131411367,0.6102443933423134,0.5514778426841456
mod_df$farm,-0.1587666669984269,0.15158504201651862,-1.0473768710050275,0.3126722806526601
