term,estimate,std.error,statistic,p.value
(Intercept),-4.849114134034433,0.7969087118847598,-6.084905412272188,7.501748287426924e-6
farm,0.8606436589912606,0.1469826999184057,5.855407877723218,1.2220895828431163e-5
