term,estimate,std.error,statistic,p.value
(Intercept),-6.31943307027514,1.0535938226341253,-5.997978475685927,9.017852114698843e-6
farm,1.1198799839122096,0.1923681961661623,5.821544341689872,1.3140607430873351e-5
