term,estimate,std.error,statistic,p.value
(Intercept),-2.305138508477634,2.000960470896151,-1.1520160153115138,0.2636043981025197
mod_df$farm,0.32490415570994846,0.30875489096870856,1.052304482337339,0.30585974131606875
