term,estimate,std.error,statistic,p.value
(Intercept),-7.0201312483435565,1.4132732827198324,-4.967285049663837,8.552859390886264e-5
farm,1.0537494593641057,0.21807279287217723,4.832099619055908,1.1580035527148287e-4
