term,estimate,std.error,statistic,p.value
(Intercept),-1.875535187814636,0.6383047179967227,-2.93830694797444,0.010792770279538328
farm,0.30067340823971606,0.11876230570218829,2.5317242408015654,0.02395087003844472
