term,estimate,std.error,statistic,p.value
(Intercept),-4.904659124521166,0.8152391814187602,-6.016221050594736,8.675457673113247e-6
farm,0.8719363510779597,0.15055729073816615,5.791392411506277,1.4019250948400553e-5
