term,estimate,std.error,statistic,p.value
(Intercept),-2.3152545996138207,0.6278338875004315,-3.6876865771477325,0.0018260084070316105
farm,0.3946263586184138,0.12284669488443502,3.2123481953637314,0.005109937978910232
