term,estimate,std.error,statistic,p.value
(Intercept),-4.556400426955688,0.8650712075832986,-5.267081353550826,4.393560051630107e-5
farm,0.8423801685253749,0.1579471938645485,5.33330252924771,3.796943692132825e-5
