term,estimate,std.error,statistic,p.value
(Intercept),-1.565585989736576,1.3399975141282332,-1.1683499209736257,0.2571171446126114
mod_df$farm,0.2258576479931493,0.22126107952373322,1.0207744103902514,0.3201837201771828
