term,estimate,std.error,statistic,p.value
(Intercept),-2.3297101634169786,0.6208583695079485,-3.752401961277181,0.001586627619864468
farm,0.3965445150150761,0.12148181263206878,3.2642294877183633,0.004569504156979531
