term,estimate,std.error,statistic,p.value
(Intercept),-2.3601659293647614,2.0509053905803367,-1.1507922014369052,0.2640953261643626
mod_df$farm,0.3333715508828634,0.31646155906926593,1.0534345841666548,0.305354989686685
