term,estimate,std.error,statistic,p.value
(Intercept),0.5537712755359114,0.8535445498107723,0.648790125434789,0.5269740577171895
mod_df$farm,-0.16925526345861577,0.15880960283859927,-1.065774741787073,0.3045613969237167
