term,estimate,std.error,statistic,p.value
(Intercept),-4.991847096013228,0.8546390341467812,-5.8408835737262805,1.2606992602248428e-5
farm,0.8883023613601411,0.15783360328228388,5.628094036296066,1.9942513846226104e-5
