term,estimate,std.error,statistic,p.value
(Intercept),-4.9592093676821865,0.8292914499494184,-5.980056068327567,9.367774513650194e-6
farm,0.8808562406099448,0.1527516968176893,5.766588908411641,1.4787126009958111e-5
