term,estimate,std.error,statistic,p.value
(Intercept),-1.856591347919492,1.5890480167186216,-1.168367052717102,0.2571104038568526
mod_df$farm,0.2939495129283708,0.24519542203963102,1.198837688253656,0.24533006316320194
