term,estimate,std.error,statistic,p.value
(Intercept),-4.874470209118478,0.791331990026791,-6.15982959181702,6.40610724252541e-6
farm,0.864180674593279,0.14575973770148465,5.928802344328566,1.0447532891260453e-5
