term,estimate,std.error,statistic,p.value
(Intercept),-4.98248610409866,0.8558880658763967,-5.821422570014205,1.3144039863653155e-5
farm,0.8873715499430085,0.15806427280546556,5.613991917295082,2.0561804177825946e-5
