term,estimate,std.error,statistic,p.value
(Intercept),-4.556400426960888,0.8650712075831973,-5.267081353557454,4.3935600515658256e-5
farm,0.8423801685253463,0.15794719386453002,5.333302529248153,3.796943692129128e-5
