term,estimate,std.error,statistic,p.value
(Intercept),-4.980421460269907,0.8483780240187014,-5.8705215355273275,1.1832004849060638e-5
farm,0.8859408648713042,0.15667732823607297,5.654556883535927,1.883147587520437e-5
