term,estimate,std.error,statistic,p.value
(Intercept),-7.087421402903886,1.4096738010200305,-5.0277031450648195,7.473357698564149e-5
farm,1.0643537936772027,0.21751738081085426,4.893189637120211,1.0096232944588187e-4
