term,estimate,std.error,statistic,p.value
(Intercept),-1.589788291907857,1.3740704112892987,-1.1569918679903375,0.26161535968707805
mod_df$farm,0.22982846631236947,0.2268872138477683,1.0129635002992043,0.3238043533127042
