term,estimate,std.error,statistic,p.value
(Intercept),-4.929917733634161,0.8358126452824169,-5.898352652906282,1.1148783628250179e-5
farm,0.8766125309538121,0.1541581832365758,5.686448247826949,1.7576362873029167e-5
