term,estimate,std.error,statistic,p.value
(Intercept),0.6258898542723664,0.6497824767110779,0.9632298141377315,0.3517758215723886
mod_df$farm,-0.1327540024258165,0.12089784543858301,-1.098067562281385,0.29070173148156453
