term,estimate,std.error,statistic,p.value
(Intercept),0.5002018278653249,0.850698214540813,0.5879897469108033,0.5659039380225881
mod_df$farm,-0.15912107236900513,0.1582800166865139,-1.0053137199508704,0.33180617093347886
