term,estimate,std.error,statistic,p.value
(Intercept),-4.980421460016743,0.8483780239898627,-5.870521535428473,1.1832004851562309e-5
farm,0.8859408648293657,0.1566773282307471,5.654556883460466,1.8831475878280473e-5
