term,estimate,std.error,statistic,p.value
(Intercept),-2.3297101641837292,0.6208583694662557,-3.7524019627641523,0.0015866276147416907
farm,0.39654451516212025,0.12148181262391083,3.2642294891479895,0.004569504142892171
