term,estimate,std.error,statistic,p.value
(Intercept),-6.302869572569022,1.0570273976708031,-5.962825170338646,9.717359608603109e-6
farm,1.1176425971939623,0.19299510819052818,5.791041066650279,1.402983731022224e-5
