term,estimate,std.error,statistic,p.value
(Intercept),-6.279797367339315,1.0532366419211248,-5.962380264215684,9.72656146979943e-6
farm,1.1123844406943375,0.1923029810823329,5.7845408034422485,1.4227183212779113e-5
