term,estimate,std.error,statistic,p.value
(Intercept),-2.4309201930221014,2.0564556302212464,-1.182092215994258,0.25175251775476626
mod_df$farm,0.34451139726423524,0.31731797960335667,1.0856976894119583,0.29119626633077983
