term,estimate,std.error,statistic,p.value
(Intercept),-4.786508644164453,0.8828083675477422,-5.421911277823948,3.1256347964558385e-5
farm,0.759905793299745,0.14576977222474577,5.21305468000686,4.950760010885373e-5
