term,estimate,std.error,statistic,p.value
(Intercept),-2.2862691626386535,0.616589033710217,-3.707930303076309,0.0017474820188460257
farm,0.3888088095721223,0.12064644231749214,3.222712598096647,0.004997172409511273
