term,estimate,std.error,statistic,p.value
(Intercept),-1.4022629382914444,0.4997487250184397,-2.8059359996160147,0.012152601748947845
farm,0.26679430983751734,0.09778458978320677,2.7283880868039985,0.014300875934725985
