term,estimate,std.error,statistic,p.value
(Intercept),-1.8410516068881853,0.6518428965031358,-2.8243793355188136,0.013515616142494113
farm,0.2943102421903484,0.12128120498194839,2.426676435430814,0.02932953192404631
