term,estimate,std.error,statistic,p.value
(Intercept),-4.99184710465175,0.8546390344220183,-5.8408835819530225,1.2606992380047933e-5
farm,0.8883023626162403,0.15783360333311428,5.628094042441911,1.9942513580538963e-5
