term,estimate,std.error,statistic,p.value
(Intercept),-4.7595226334836305,1.2234014247597542,-3.8904014145792605,9.841501054166865e-4
farm,0.742709841560545,0.18877493034307152,3.9343669215545503,8.901214182649661e-4
