term,estimate,std.error,statistic,p.value
(Intercept),-4.982486104120208,0.8558880658764764,-5.821422570038839,1.3144039862958683e-5
farm,0.8873715499430744,0.1580642728054803,5.6139919172949755,2.0561804177830672e-5
