term,estimate,std.error,statistic,p.value
(Intercept),-6.942429074051944,1.3557691456320307,-5.120657227241686,6.076415557983996e-5
farm,1.0417768038910067,0.2091997122516279,4.979819487695782,8.31655522748029e-5
