term,estimate,std.error,statistic,p.value
(Intercept),-6.279797367662096,1.0532366419540415,-5.962380264335807,9.726561467313731e-6
farm,1.1123844407484795,0.19230298108834293,5.784540803543011,1.4227183209698022e-5
