term,estimate,std.error,statistic,p.value
(Intercept),-6.17125400784093,1.01519124176194,-6.078907849057345,7.597394888755165e-6
farm,1.0925593954172095,0.18535654228987264,5.8943665107250105,1.1244097453424502e-5
