term,estimate,std.error,statistic,p.value
(Intercept),-4.962972061844911,0.8297104573183507,-5.98157106261549,9.337662644931153e-6
farm,0.8807490094937073,0.1528288760609908,5.762975114350896,1.4902551877931413e-5
