term,estimate,std.error,statistic,p.value
(Intercept),-2.3008747339277678,0.6331094900699364,-3.634244581728828,0.0020506621997310403
farm,0.39099750258550464,0.12387895891492202,3.156286636651791,0.0057646279188853155
