term,estimate,std.error,statistic,p.value
(Intercept),-4.933264017293107,0.8363519008413377,-5.898550612882489,1.1144071832646992e-5
farm,0.8764280134710352,0.15425764411184809,5.681585625899749,1.776205007757449e-5
