term,estimate,std.error,statistic,p.value
(Intercept),-4.846393778873765,0.9276656618120709,-5.224289286947394,4.829234111717236e-5
farm,0.7707297147864196,0.15317663175156823,5.03164030944641,7.408022447187145e-5
