term,estimate,std.error,statistic,p.value
(Intercept),-1.6445458614513628,1.3774275324388194,-1.193925504407186,0.24720105971799686
mod_df$farm,0.2391242953435218,0.22744154342062436,1.0513659542895895,0.3062793820074487
