term,estimate,std.error,statistic,p.value
(Intercept),-3.323194492252148,0.7823608463259969,-4.247649288506735,4.353408835859328e-4
farm,0.558450612645634,0.12918382579822157,4.322914336953489,3.6672824617892385e-4
