term,estimate,std.error,statistic,p.value
(Intercept),-1.8708577893365945,0.6523965748078882,-2.8676695457628787,0.012409652099700274
farm,0.30040398532118545,0.12138422178604792,2.474819057213862,0.026734864966441615
