term,estimate,std.error,statistic,p.value
(Intercept),-3.5180194003827947,0.710081891826951,-4.954385460149357,8.803185642815871e-5
farm,0.6608113080224846,0.13113698197091725,5.03909193341841,7.285954045492017e-5
