term,estimate,std.error,statistic,p.value
(Intercept),-7.06244045598573,1.4146434828868424,-4.992381855514232,8.086386850355755e-5
farm,1.0611632922803125,0.2182842193392783,4.861383454527011,1.0842956376722346e-4
