term,estimate,std.error,statistic,p.value
(Intercept),-4.925849865843445,0.8290132653235495,-5.941822732982411,1.0161660230809517e-5
farm,0.874812382606702,0.15290409828403237,5.721314159818422,1.6301936210613478e-5
