term,estimate,std.error,statistic,p.value
(Intercept),-1.105060239053221,1.069547909414216,-1.0332031219232196,0.3144817116167128
mod_df$farm,0.1906707523210051,0.17660430153357354,1.079649536649352,0.2938135959672379
