term,estimate,std.error,statistic,p.value
(Intercept),-2.3152545995921,0.6278338875004614,-3.6876865771129603,0.0018260084071694796
farm,0.3946263586183114,0.12284669488444086,3.2123481953627455,0.005109937978921072
