term,estimate,std.error,statistic,p.value
(Intercept),-4.855140417909302,0.9267234216902303,-5.239039290767163,4.6742894294454897e-05
farm,0.7714599805394073,0.15302104857747206,5.041528519841698,7.246485182206261e-5
