term,estimate,std.error,statistic,p.value
(Intercept),-2.2862692535165605,0.6165890416384894,-3.707930402786848,0.0017474816404979472
farm,0.38880881393458333,0.12064644386879744,3.2227125928171696,0.004997172466324366
