term,estimate,std.error,statistic,p.value
(Intercept),-1.619914766067414,1.378391703295419,-1.1752209202903419,0.254424261668857
mod_df$farm,0.23576029219221073,0.22760074780893647,1.0358502529619276,0.3132766398251492
