term,estimate,std.error,statistic,p.value
(Intercept),-6.302869572590515,1.057027397670949,-5.962825170358156,9.717359608199794e-6
farm,1.1176425971940172,0.1929951081905548,5.791041066649765,1.4029837310237733e-5
