r.squared,adj.r.squared,sigma,statistic,p.value,df,logLik,AIC,BIC,deviance,df.residual,nobs
0.6363883246472877,0.6172508680497766,0.35561466189400925,33.25354763861619,1.4787126009958055e-5,1,-7.034774442292278,20.069548884584556,23.203116197754824,2.4027739673258193,19,21
