r.squared,adj.r.squared,sigma,statistic,p.value,df,logLik,AIC,BIC,deviance,df.residual,nobs
0.3792420692697581,0.3427268968738615,0.3616652156940143,10.385876455902359,0.0049971724663243795,1,-6.57949863913762,19.15899727827524,21.992314215774563,2.223629380130964,17,19
