r.squared,adj.r.squared,sigma,statistic,p.value,df,logLik,AIC,BIC,deviance,df.residual,nobs
0.30453569898302457,0.2636260342173201,0.2931315969325583,7.444101552216194,0.014300875934713849,1,-2.5876495416898915,11.175299083379784,14.008616020879103,1.4607442630439413,17,19
