r.squared,adj.r.squared,sigma,statistic,p.value,df,logLik,AIC,BIC,deviance,df.residual,nobs
0.07929580476449369,0.013531219390529037,0.38849345378658745,1.2057523713345841,0.29070173148156436,1,-6.507102041693445,19.01420408338689,21.33197025010623,2.112980290890439,14,16
