r.squared,adj.r.squared,sigma,statistic,p.value,df,logLik,AIC,BIC,deviance,df.residual,nobs
0.5575561760440416,0.534269658993728,0.39231596089791104,23.94330482482064,1.0096232944588152e-4,1,-9.097390318199587,24.194780636399173,27.32834794956944,2.924324450329774,19,21
