r.squared,adj.r.squared,sigma,statistic,p.value,df,logLik,AIC,BIC,deviance,df.residual,nobs
0.3045356989829617,0.2636260342172536,0.29313159693255275,7.444101552213985,0.014300875934725952,1,-2.5876495416895287,11.175299083379057,14.008616020878378,1.4607442630438856,17,19
