r.squared,adj.r.squared,sigma,statistic,p.value,df,logLik,AIC,BIC,deviance,df.residual,nobs
0.6378255892977396,0.618763778208147,0.353385003590441,33.460912307854045,1.422718320969797e-5,1,-6.9026926346120705,19.80538526922414,22.93895258239441,2.372738254489704,19,21
