r.squared,adj.r.squared,sigma,statistic,p.value,df,logLik,AIC,BIC,deviance,df.residual,nobs
0.6298871479129625,0.610407524118908,0.3587796746654259,32.33569367521415,1.7576362873029235e-5,1,-7.220850114123456,20.441700228246912,23.575267541417183,2.445734244107548,19,21
