r.squared,adj.r.squared,sigma,statistic,p.value,df,logLik,AIC,BIC,deviance,df.residual,nobs
0.6272610556419638,0.607643216465225,0.3585020306901836,31.974013549143542,1.88314758752043e-5,1,-7.204592836884265,20.40918567376853,23.5427529869388,2.441950414170721,19,21
