r.squared,adj.r.squared,sigma,statistic,p.value,df,logLik,AIC,BIC,deviance,df.residual,nobs
0.6378255892896917,0.6187637781996755,0.3533850035793967,33.46091230668831,1.4227183212779064e-5,1,-6.902692633955759,19.805385267911518,22.938952581081786,2.372738254341394,19,21
