r.squared,adj.r.squared,sigma,statistic,p.value,df,logLik,AIC,BIC,deviance,df.residual,nobs
0.07266333925438227,0.006425006343981021,0.4871037717979742,1.0969983099162828,0.31267228065266,1,-10.12631587308505,26.2526317461701,28.57039791288944,3.321781182997381,14,16
