r.squared,adj.r.squared,sigma,statistic,p.value,df,logLik,AIC,BIC,deviance,df.residual,nobs
0.6382072083595927,0.6191654824837818,0.3531987756242614,33.5162480818149,1.408175581098331e-5,1,-6.891623070052656,19.783246140105312,22.91681345327558,2.3702381269470694,19,21
