r.squared,adj.r.squared,sigma,statistic,p.value,df,logLik,AIC,BIC,deviance,df.residual,nobs
0.6464692306355672,0.6278623480374391,0.3406199111116312,34.743554016974635,1.1244102639686351e-5,1,-6.130083758277999,18.260167516555995,21.393734829726267,2.204416553068215,19,21
