r.squared,adj.r.squared,sigma,statistic,p.value,df,logLik,AIC,BIC,deviance,df.residual,nobs
0.6434322184215353,0.6246654930753004,0.34207983093082844,34.285801414503126,1.2220895828431163e-5,1,-6.219898829380137,18.439797658760273,21.573364971930545,2.2233536038636195,19,21
