r.squared,adj.r.squared,sigma,statistic,p.value,df,logLik,AIC,BIC,deviance,df.residual,nobs
0.3852872661561785,0.34912769357713014,0.3641694239762006,10.655194148490093,0.004569504156979518,1,-6.710603283495361,19.421206566990723,22.254523504490045,2.254529279105682,17,19
