r.squared,adj.r.squared,sigma,statistic,p.value,df,logLik,AIC,BIC,deviance,df.residual,nobs
0.636098159828139,0.6169454313980411,0.35579433957408546,33.2118821686277,1.4902551877931414e-5,1,-7.045382211814579,20.09076442362916,23.224331736799428,2.405202629386233,19,21
