r.squared,adj.r.squared,sigma,statistic,p.value,df,logLik,AIC,BIC,deviance,df.residual,nobs
0.5755631411459033,0.5532243591009509,0.2988098694345576,25.765197940858826,6.71171816752488e-5,1,-3.3799291657604975,12.759858331520995,15.893425644691265,1.6964594233584502,19,21
