r.squared,adj.r.squared,sigma,statistic,p.value,df,logLik,AIC,BIC,deviance,df.residual,nobs
0.053454217529402756,0.003636018452002898,0.5737617084111879,1.072985746561288,0.31327663982514936,1,-17.08046955147683,40.16093910295366,43.29450641612393,6.2548474627395745,19,21
