r.squared,adj.r.squared,sigma,statistic,p.value,df,logLik,AIC,BIC,deviance,df.residual,nobs
0.3694863746848069,0.33239733790156023,0.37135541636550834,9.962145332706676,0.005764627918885307,1,-7.081870689401692,20.163741378803383,22.997058316302706,2.344382369488001,17,19
