r.squared,adj.r.squared,sigma,statistic,p.value,df,logLik,AIC,BIC,deviance,df.residual,nobs
0.632732685597246,0.6134028269444696,0.3558609830862325,32.733435715338814,1.630193621061336e-5,1,-7.049315334253535,20.09863066850707,23.232197981677338,2.4061037463788972,19,21
