r.squared,adj.r.squared,sigma,statistic,p.value,df,logLik,AIC,BIC,deviance,df.residual,nobs
0.5722359501788343,0.5497220528198257,0.38575276707080525,25.417009816377234,7.246485182206246e-5,1,-8.743101977078124,23.48620395415625,26.61977126732652,2.827298748752875,19,21
