r.squared,adj.r.squared,sigma,statistic,p.value,df,logLik,AIC,BIC,deviance,df.residual,nobs
0.6407664210121833,0.6218593905391403,0.3535048459664054,33.89037860417936,1.3140607232579762e-5,1,-6.909813093113324,19.81962618622665,22.953193499396917,2.374347846312908,19,21
