r.squared,adj.r.squared,sigma,statistic,p.value,df,logLik,AIC,BIC,deviance,df.residual,nobs
0.5766975394586543,0.5544184625880573,0.29841028560966887,25.885163142452818,6.537712163388757e-5,1,-3.3518280994989844,12.703656198997969,15.837223512168238,1.6919252725952387,19,21
