r.squared,adj.r.squared,sigma,statistic,p.value,df,logLik,AIC,BIC,deviance,df.residual,nobs
0.3777265854110346,0.3411222669058013,0.3682609696394593,10.319180928256639,0.005109937978910209,1,-6.922883322518898,19.8457666450378,22.679083582537118,2.305474409916511,17,19
