r.squared,adj.r.squared,sigma,statistic,p.value,df,logLik,AIC,BIC,deviance,df.residual,nobs
0.6491273248717069,0.6306603419702178,0.339336982307553,35.150697238115896,1.0447532891260453e-5,1,-6.050838920505251,18.101677841010503,21.235245154180774,2.1878421636703345,19,21
