r.squared,adj.r.squared,sigma,statistic,p.value,df,logLik,AIC,BIC,deviance,df.residual,nobs
0.640766420455793,0.6218593899534663,0.35350484588502695,33.89037852226137,1.314060743087335e-5,1,-6.909813088279029,19.81962617655806,22.953193489728328,2.3743478452197366,19,21
