r.squared,adj.r.squared,sigma,statistic,p.value,df,logLik,AIC,BIC,deviance,df.residual,nobs
0.30737642367061563,0.25790331107565956,0.38123206642896723,6.212999497063256,0.025833801645636038,1,-6.205213533611089,18.41042706722218,20.72819323394152,2.0347304386318066,14,16
