r.squared,adj.r.squared,sigma,statistic,p.value,df,logLik,AIC,BIC,deviance,df.residual,nobs
0.6383443095813711,0.619309799559338,0.3546568889096728,33.53615663563,1.402983731022224e-5,1,-6.978139075609624,19.956278151219248,23.08984546438952,2.3898486681706714,19,21
