r.squared,adj.r.squared,sigma,statistic,p.value,df,logLik,AIC,BIC,deviance,df.residual,nobs
0.629488179515595,0.6099875573848368,0.35901115469277783,32.28041522443064,1.7762050077574554e-5,1,-7.234394674862007,20.468789349724013,23.602356662894284,2.4488911746829918,19,21
