r.squared,adj.r.squared,sigma,statistic,p.value,df,logLik,AIC,BIC,deviance,df.residual,nobs
0.5995288424666178,0.5784514131227556,0.2902511929613581,28.444115868484758,3.796943692129121e-5,1,-2.7696533682352524,11.539306736470504,14.672874049640775,1.6006693452943388,19,21
