r.squared,adj.r.squared,sigma,statistic,p.value,df,logLik,AIC,BIC,deviance,df.residual,nobs
0.3777265854108895,0.34112226690564773,0.36826096963947685,10.319180928250267,0.005109937978921112,1,-6.922883322519804,19.84576664503961,22.67908358253893,2.305474409916731,17,19
