r.squared,adj.r.squared,sigma,statistic,p.value,df,logLik,AIC,BIC,deviance,df.residual,nobs
0.5513491174737883,0.5277359131303035,0.39331770621003254,23.34918672848026,1.1580035527148254e-4,1,-9.1509436824098,24.3018873648196,27.435454677989867,2.939277542348108,19,21
