r.squared,adj.r.squared,sigma,statistic,p.value,df,logLik,AIC,BIC,deviance,df.residual,nobs
0.3852872663636356,0.34912769379679054,0.36416942395174534,10.655194157823342,0.004569504142892179,1,-6.710603282219444,19.42120656443889,22.25452350193821,2.2545292788028823,17,19
