r.squared,adj.r.squared,sigma,statistic,p.value,df,logLik,AIC,BIC,deviance,df.residual,nobs
0.5661962008835247,0.5433644219826577,0.37731415220989284,24.79860213003471,8.316555227480244e-5,1,-8.2786128680009,22.5572257360018,25.690793049172072,2.704953419699534,19,21
