r.squared,adj.r.squared,sigma,statistic,p.value,df,logLik,AIC,BIC,deviance,df.residual,nobs
0.30433847107091894,0.2546483618616989,0.3900563768178563,6.124729365948917,0.026734864966441545,1,-6.571341480479746,19.14268296095949,21.460449127678835,2.130015679347829,14,16
