r.squared,adj.r.squared,sigma,statistic,p.value,df,logLik,AIC,BIC,deviance,df.residual,nobs
0.6383443095813299,0.6193097995592947,0.3546568889097217,33.536156635624025,1.4029837310237782e-5,1,-6.9781390756125194,19.95627815122504,23.08984546439531,2.3898486681713305,19,21
