r.squared,adj.r.squared,sigma,statistic,p.value,df,logLik,AIC,BIC,deviance,df.residual,nobs
0.05761824028661886,0.00801920030170411,0.5724982776125929,1.1616805547878153,0.29461178149648315,1,-17.034176288450112,40.068352576900224,43.20191989007049,6.2273312795183235,19,21
