r.squared,adj.r.squared,sigma,statistic,p.value,df,logLik,AIC,BIC,deviance,df.residual,nobs
0.36948637380700705,0.33239733697212515,0.37135541605544936,9.962145295170028,0.00576462799251558,1,-7.081870673537856,20.163741347075714,22.997058284575033,2.34438236557317,17,19
