r.squared,adj.r.squared,sigma,statistic,p.value,df,logLik,AIC,BIC,deviance,df.residual,nobs
0.051989892030247696,0.0020946231897345235,0.557779955534295,1.0419803969075652,0.3201837201771829,1,-16.487227357236964,38.97445471447393,42.108022027644196,5.911251097120963,19,21
