r.squared,adj.r.squared,sigma,statistic,p.value,df,logLik,AIC,BIC,deviance,df.residual,nobs
0.5995288424665778,0.5784514131227134,0.29025119296139207,28.444115868480015,3.7969436921328383e-5,1,-2.7696533682377127,11.539306736475424,14.672874049645696,1.6006693452947138,19,21
