r.squared,adj.r.squared,sigma,statistic,p.value,df,logLik,AIC,BIC,deviance,df.residual,nobs
0.6383723338941333,0.6193392988359299,0.3444984273079344,33.54022792171477,1.4019246117827908e-5,1,-6.3678520551126665,18.735704110225335,21.869271423395602,2.254904161935163,19,21
