r.squared,adj.r.squared,sigma,statistic,p.value,df,logLik,AIC,BIC,deviance,df.residual,nobs
0.6464692473819885,0.6278623656652511,0.3406199009079688,34.74355656275658,1.1244097453424422e-5,1,-6.130083129198763,18.260166258397525,21.393733571567793,2.204416420996535,19,21
