month,farm_name,mean_inventory
3,Maude Island,521520.44444444444
3,Noo-la,379000
3,Simmonds Point,699437.1428571428
3,Whlis Bay,247738.33333333334
4,Maude Island,502491.1111111111
4,Noo-la,508000
4,Simmonds Point,805352.4285714285
4,Whlis Bay,296968.6666666667
