nobs,sigma,logLik,AIC,BIC,REMLcrit,df.residual
1780,1.0763615775598987,-3536.2541277497485,7226.508255499497,7648.804641032529,7072.508255499497,1703
