nobs,sigma,logLik,AIC,BIC,REMLcrit,df.residual
1780,1.0763615775618134,-3536.254127697099,7226.508255394198,7648.80464092723,7072.508255394198,1703
