nobs,sigma,logLik,AIC,BIC,REMLcrit,df.residual
2666,1.172544910681539,-5633.90077301519,11575.80154603038,12482.605059144133,11267.80154603038,2512
