nobs,sigma,logLik,AIC,BIC,REMLcrit,df.residual
2666,1.1725448913723004,-5633.900772970854,11575.801545941707,12482.60505905546,11267.801545941707,2512
