nobs,sigma,logLik,AIC,BIC,REMLcrit,df.residual
1780,1.0763110147459378,-3536.354205024823,7226.708410049646,7649.004795582678,7072.708410049646,1703
