nobs,sigma,logLik,AIC,BIC,REMLcrit,df.residual
1780,1.0763110147372292,-3536.3542050248107,7226.708410049621,7649.004795582653,7072.708410049621,1703
