nobs,sigma,logLik,AIC,BIC,REMLcrit,df.residual
1780,1.0764959652287702,-3542.5982593582257,7237.1965187164515,7654.008535606197,7085.1965187164515,1704
