nobs,sigma,logLik,AIC,BIC,REMLcrit,df.residual
1780,1.0763525891007386,-3536.1321426399236,7226.264285279847,7648.560670812879,7072.264285279847,1703
