nobs,sigma,logLik,AIC,BIC,REMLcrit,df.residual
1780,1.076352589113312,-3536.132142639972,7226.264285279944,7648.560670812975,7072.264285279944,1703
